-- Creating Database:
DROP DATABASE IF EXISTS dealership_db;
CREATE DATABASE dealership_db;

USE dealership_db;

-- Creating tables:

-- Table 1: dealerships
CREATE TABLE dealerships (
    dealership_id INT AUTO_INCREMENT PRIMARY KEY,
    name VARCHAR(50),
    address VARCHAR(50),
    phone VARCHAR(12)
);

-- Table 2: vehicles
CREATE TABLE vehicles (
    VIN VARCHAR(17) PRIMARY KEY,
    make VARCHAR(50),
    model VARCHAR(50),
    year INT,
    color VARCHAR(20),
    price DECIMAL(10, 2),
    sold BOOLEAN
);

-- Table 3: inventory
CREATE TABLE inventory (
    dealership_id INT,
    VIN VARCHAR(17),
    PRIMARY KEY (dealership_id, VIN),
    FOREIGN KEY (dealership_id) REFERENCES dealerships(dealership_id),
    FOREIGN KEY (VIN) REFERENCES vehicles(VIN)
);

-- Table 4: sales_contracts
CREATE TABLE sales_contracts (
    id INT AUTO_INCREMENT PRIMARY KEY,
    VIN VARCHAR(17),
    customer_name VARCHAR(50),
    sale_date DATE,
    sale_price DECIMAL(10, 2),
    dealership_id INT,
    FOREIGN KEY (VIN) REFERENCES vehicles(VIN),
    FOREIGN KEY (dealership_id) REFERENCES dealerships(dealership_id)
);

-- Populating tables with data

-- Dealerships
INSERT INTO dealerships (name, address, phone) VALUES
('Super Cars', '123 Main St', '123-456-7890'),
('Auto World', '456 Elm St', '234-567-8901'),
('Luxury Rides', '789 Oak St', '345-678-9012');

-- Vehicles
INSERT INTO vehicles (VIN, make, model, year, color, price, sold) VALUES
('1HGCM82633A123456', 'Honda', 'Accord', 2020, 'Red', 22000.00, FALSE),
('1HGCM82633A654321', 'Toyota', 'Camry', 2021, 'Blue', 25000.00, FALSE),
('1HGCM82633A789012', 'Ford', 'Mustang', 2019, 'Black', 30000.00, TRUE),
('1HGCM82633A345678', 'Tesla', 'Model S', 2022, 'White', 80000.00, FALSE),
('1HGCM82633A100001', 'Chevrolet', 'Impala', 2018, 'Silver', 18000.00, FALSE),
('1HGCM82633A100002', 'BMW', '3 Series', 2020, 'Black', 35000.00, FALSE),
('1HGCM82633A100003', 'Audi', 'A4', 2021, 'White', 40000.00, FALSE),
('1HGCM82633A100004', 'Mercedes-Benz', 'C-Class', 2020, 'Blue', 45000.00, FALSE),
('1HGCM82633A100005', 'Volkswagen', 'Passat', 2017, 'Gray', 17000.00, TRUE),
('1HGCM82633A100006', 'Hyundai', 'Elantra', 2019, 'Green', 20000.00, FALSE),
('1HGCM82633A100007', 'Kia', 'Optima', 2021, 'Yellow', 23000.00, FALSE),
('1HGCM82633A100008', 'Mazda', 'CX-5', 2020, 'Red', 29000.00, TRUE),
('1HGCM82633A100009', 'Nissan', 'Altima', 2020, 'Blue', 24000.00, FALSE),
('1HGCM82633A100010', 'Subaru', 'Outback', 2018, 'White', 26000.00, TRUE),
('1HGCM82633A100011', 'Honda', 'Civic', 2021, 'Black', 21000.00, FALSE),
('1HGCM82633A100012', 'Toyota', 'Corolla', 2022, 'Silver', 22000.00, FALSE),
('1HGCM82633A100013', 'Ford', 'Fusion', 2019, 'Gray', 23000.00, TRUE),
('1HGCM82633A100014', 'Tesla', 'Model 3', 2022, 'White', 55000.00, FALSE),
('1HGCM82633A100015', 'Chevrolet', 'Malibu', 2020, 'Red', 20000.00, FALSE),
('1HGCM82633A100016', 'BMW', 'X5', 2021, 'Blue', 60000.00, FALSE),
('1HGCM82633A100017', 'Audi', 'Q5', 2020, 'Black', 45000.00, TRUE),
('1HGCM82633A100018', 'Mercedes-Benz', 'GLC', 2021, 'Silver', 55000.00, FALSE),
('1HGCM82633A100019', 'Volkswagen', 'Tiguan', 2019, 'Gray', 31000.00, FALSE),
('1HGCM82633A100020', 'Hyundai', 'Santa Fe', 2020, 'Green', 33000.00, TRUE),
('1HGCM82633A100021', 'Kia', 'Sorento', 2021, 'Yellow', 35000.00, FALSE),
('1HGCM82633A100022', 'Mazda', 'CX-9', 2020, 'Red', 37000.00, TRUE),
('1HGCM82633A100023', 'Nissan', 'Rogue', 2020, 'Blue', 28000.00, FALSE),
('1HGCM82633A100024', 'Subaru', 'Forester', 2018, 'White', 30000.00, TRUE),
('1HGCM82633A100025', 'Honda', 'Pilot', 2021, 'Black', 38000.00, FALSE),
('1HGCM82633A100026', 'Toyota', 'Highlander', 2022, 'Silver', 45000.00, FALSE),
('1HGCM82633A100027', 'Ford', 'Explorer', 2019, 'Gray', 41000.00, TRUE),
('1HGCM82633A100028', 'Tesla', 'Model X', 2022, 'White', 90000.00, FALSE),
('1HGCM82633A100029', 'Chevrolet', 'Tahoe', 2020, 'Red', 60000.00, TRUE),
('1HGCM82633A100030', 'BMW', 'X3', 2021, 'Blue', 50000.00, FALSE),
('1HGCM82633A100031', 'Audi', 'Q7', 2020, 'Black', 70000.00, TRUE),
('1HGCM82633A100032', 'Mercedes-Benz', 'GLE', 2021, 'Silver', 80000.00, FALSE),
('1HGCM82633A100033', 'Volkswagen', 'Atlas', 2019, 'Gray', 40000.00, FALSE),
('1HGCM82633A100034', 'Hyundai', 'Palisade', 2020, 'Green', 42000.00, TRUE),
('1HGCM82633A100035', 'Kia', 'Telluride', 2021, 'Yellow', 45000.00, FALSE),
('1HGCM82633A100036', 'Mazda', 'MX-5', 2020, 'Red', 32000.00, FALSE),
('1HGCM82633A100037', 'Nissan', 'Murano', 2020, 'Blue', 35000.00, TRUE),
('1HGCM82633A100038', 'Subaru', 'Ascent', 2018, 'White', 38000.00, FALSE),
('1HGCM82633A100039', 'Honda', 'Ridgeline', 2021, 'Black', 40000.00, TRUE),
('1HGCM82633A100040', 'Toyota', 'Tacoma', 2022, 'Silver', 45000.00, FALSE),
('1HGCM82633A100041', 'Ford', 'Ranger', 2019, 'Gray', 43000.00, FALSE),
('1HGCM82633A100042', 'Tesla', 'Cybertruck', 2022, 'White', 80000.00, TRUE),
('1HGCM82633A100043', 'Chevrolet', 'Colorado', 2020, 'Red', 35000.00, FALSE),
('1HGCM82633A100044', 'BMW', 'X7', 2021, 'Blue', 90000.00, FALSE),
('1HGCM82633A100045', 'Audi', 'Q8', 2020, 'Black', 85000.00, TRUE),
('1HGCM82633A100046', 'Mercedes-Benz', 'GLS', 2021, 'Silver', 95000.00, FALSE),
('1HGCM82633A100047', 'Volkswagen', 'Golf', 2019, 'Gray', 30000.00, FALSE),
('1HGCM82633A100048', 'Hyundai', 'Veloster', 2020, 'Green', 32000.00, TRUE),
('1HGCM82633A100049', 'Kia', 'Stinger', 2021, 'Yellow', 35000.00, FALSE),
('1HGCM82633A100050', 'Mazda', 'Mazda6', 2020, 'Red', 29000.00, FALSE),
('1HGCM82633A100051', 'Nissan', 'Maxima', 2020, 'Blue', 33000.00, TRUE),
('1HGCM82633A100052', 'Subaru', 'Legacy', 2018, 'White', 30000.00, FALSE),
('1HGCM82633A100053', 'Honda', 'HR-V', 2021, 'Black', 28000.00, TRUE),
('1HGCM82633A100054', 'Toyota', '4Runner', 2022, 'Silver', 45000.00, FALSE),
('1HGCM82633A100055', 'Ford', 'Bronco', 2019, 'Gray', 47000.00, FALSE),
('1HGCM82633A100056', 'Tesla', 'Model Y', 2022, 'White', 65000.00, TRUE),
('1HGCM82633A100057', 'Chevrolet', 'Blazer', 2020, 'Red', 35000.00, FALSE),
('1HGCM82633A100058', 'BMW', 'i3', 2021, 'Blue', 45000.00, FALSE),
('1HGCM82633A100059', 'Audi', 'e-tron', 2020, 'Black', 70000.00, TRUE),
('1HGCM82633A100060', 'Mercedes-Benz', 'EQC', 2021, 'Silver', 80000.00, FALSE),
('1HGCM82633A100061', 'Volkswagen', 'ID.4', 2019, 'Gray', 40000.00, FALSE),
('1HGCM82633A100062', 'Hyundai', 'Kona', 2020, 'Green', 30000.00, TRUE),
('1HGCM82633A100063', 'Kia', 'Niro', 2021, 'Yellow', 35000.00, FALSE),
('1HGCM82633A100064', 'Mazda', 'CX-30', 2020, 'Red', 32000.00, FALSE),
('1HGCM82633A100065', 'Nissan', 'Leaf', 2020, 'Blue', 34000.00, TRUE),
('1HGCM82633A100066', 'Subaru', 'Crosstrek', 2018, 'White', 31000.00, FALSE),
('1HGCM82633A100067', 'Honda', 'Insight', 2021, 'Black', 33000.00, TRUE),
('1HGCM82633A100068', 'Toyota', 'Avalon', 2022, 'Silver', 45000.00, FALSE),
('1HGCM82633A100069', 'Ford', 'F-150', 2019, 'Gray', 47000.00, FALSE),
('1HGCM82633A100070', 'Tesla', 'Roadster', 2022, 'White', 200000.00, TRUE),
('1HGCM82633A100071', 'Chevrolet', 'Spark', 2020, 'Red', 15000.00, FALSE),
('1HGCM82633A100072', 'BMW', '2 Series', 2021, 'Blue', 37000.00, FALSE),
('1HGCM82633A100073', 'Audi', 'A5', 2020, 'Black', 48000.00, TRUE),
('1HGCM82633A100074', 'Mercedes-Benz', 'CLA', 2021, 'Silver', 42000.00, FALSE),
('1HGCM82633A100075', 'Volkswagen', 'Jetta', 2019, 'Gray', 25000.00, FALSE),
('1HGCM82633A100076', 'Hyundai', 'Sonata', 2020, 'Green', 27000.00, TRUE),
('1HGCM82633A100077', 'Kia', 'Cadenza', 2021, 'Yellow', 33000.00, FALSE),
('1HGCM82633A100078', 'Mazda', 'MX-30', 2020, 'Red', 34000.00, FALSE),
('1HGCM82633A100079', 'Nissan', 'Versa', 2020, 'Blue', 19000.00, TRUE),
('1HGCM82633A100080', 'Subaru', 'WRX', 2018, 'White', 35000.00, FALSE),
('1HGCM82633A100081', 'Honda', 'Odyssey', 2021, 'Black', 40000.00, TRUE),
('1HGCM82633A100082', 'Toyota', 'Sienna', 2022, 'Silver', 45000.00, FALSE),
('1HGCM82633A100083', 'Ford', 'Edge', 2019, 'Gray', 38000.00, FALSE),
('1HGCM82633A100084', 'Tesla', 'Model 3', 2022, 'White', 55000.00, TRUE),
('1HGCM82633A100085', 'Chevrolet', 'Equinox', 2020, 'Red', 30000.00, FALSE),
('1HGCM82633A100086', 'BMW', '4 Series', 2021, 'Blue', 50000.00, FALSE),
('1HGCM82633A100087', 'Audi', 'A7', 2020, 'Black', 70000.00, TRUE),
('1HGCM82633A100088', 'Mercedes-Benz', 'E-Class', 2021, 'Silver', 80000.00, FALSE),
('1HGCM82633A100089', 'Volkswagen', 'Arteon', 2019, 'Gray', 40000.00, FALSE),
('1HGCM82633A100090', 'Hyundai', 'Genesis', 2020, 'Green', 45000.00, TRUE),
('1HGCM82633A100091', 'Kia', 'K900', 2021, 'Yellow', 60000.00, FALSE),
('1HGCM82633A100092', 'Mazda', 'CX-5', 2020, 'Red', 32000.00, FALSE),
('1HGCM82633A100093', 'Nissan', 'Sentra', 2020, 'Blue', 21000.00, TRUE),
('1HGCM82633A100094', 'Subaru', 'Impreza', 2018, 'White', 25000.00, FALSE),
('1HGCM82633A100095', 'Honda', 'Accord', 2021, 'Black', 28000.00, TRUE),
('1HGCM82633A100096', 'Toyota', 'Camry', 2022, 'Silver', 32000.00, FALSE),
('1HGCM82633A100097', 'Ford', 'Mustang', 2019, 'Gray', 36000.00, FALSE),
('1HGCM82633A100098', 'Tesla', 'Model S', 2022, 'White', 80000.00, TRUE),
('1HGCM82633A100099', 'Chevrolet', 'Impala', 2020, 'Red', 25000.00, FALSE),
('1HGCM82633A100100', 'BMW', '3 Series', 2021, 'Blue', 45000.00, FALSE);


-- Inventory
INSERT INTO inventory (dealership_id, VIN) VALUES
(1, '1HGCM82633A123456'),
(2, '1HGCM82633A654321'),
(3, '1HGCM82633A789012'),
(1, '1HGCM82633A345678'),
(2, '1HGCM82633A100001'),
(3, '1HGCM82633A100002'),
(1, '1HGCM82633A100003'),
(2, '1HGCM82633A100004'),
(3, '1HGCM82633A100005'),
(1, '1HGCM82633A100006'),
(2, '1HGCM82633A100007'),
(3, '1HGCM82633A100008'),
(1, '1HGCM82633A100009'),
(2, '1HGCM82633A100010'),
(3, '1HGCM82633A100011'),
(1, '1HGCM82633A100012'),
(2, '1HGCM82633A100013'),
(3, '1HGCM82633A100014'),
(1, '1HGCM82633A100015'),
(2, '1HGCM82633A100016'),
(3, '1HGCM82633A100017'),
(1, '1HGCM82633A100018'),
(2, '1HGCM82633A100019'),
(3, '1HGCM82633A100020'),
(1, '1HGCM82633A100021'),
(2, '1HGCM82633A100022'),
(3, '1HGCM82633A100023'),
(1, '1HGCM82633A100024'),
(2, '1HGCM82633A100025'),
(3, '1HGCM82633A100026'),
(1, '1HGCM82633A100027'),
(2, '1HGCM82633A100028'),
(3, '1HGCM82633A100029'),
(1, '1HGCM82633A100030'),
(2, '1HGCM82633A100031'),
(3, '1HGCM82633A100032'),
(1, '1HGCM82633A100033'),
(2, '1HGCM82633A100034'),
(3, '1HGCM82633A100035'),
(1, '1HGCM82633A100036'),
(2, '1HGCM82633A100037'),
(3, '1HGCM82633A100038'),
(1, '1HGCM82633A100039'),
(2, '1HGCM82633A100040'),
(3, '1HGCM82633A100041'),
(1, '1HGCM82633A100042'),
(2, '1HGCM82633A100043'),
(3, '1HGCM82633A100044'),
(1, '1HGCM82633A100045'),
(2, '1HGCM82633A100046'),
(3, '1HGCM82633A100047'),
(1, '1HGCM82633A100048'),
(2, '1HGCM82633A100049'),
(3, '1HGCM82633A100050'),
(1, '1HGCM82633A100051'),
(2, '1HGCM82633A100052'),
(3, '1HGCM82633A100053'),
(1, '1HGCM82633A100054'),
(2, '1HGCM82633A100055'),
(3, '1HGCM82633A100056'),
(1, '1HGCM82633A100057'),
(2, '1HGCM82633A100058'),
(3, '1HGCM82633A100059'),
(1, '1HGCM82633A100060'),
(2, '1HGCM82633A100061'),
(3, '1HGCM82633A100062'),
(1, '1HGCM82633A100063'),
(2, '1HGCM82633A100064'),
(3, '1HGCM82633A100065'),
(1, '1HGCM82633A100066'),
(2, '1HGCM82633A100067'),
(3, '1HGCM82633A100068'),
(1, '1HGCM82633A100069'),
(2, '1HGCM82633A100070'),
(3, '1HGCM82633A100071'),
(1, '1HGCM82633A100072'),
(2, '1HGCM82633A100073'),
(3, '1HGCM82633A100074'),
(1, '1HGCM82633A100075'),
(2, '1HGCM82633A100076'),
(3, '1HGCM82633A100077'),
(1, '1HGCM82633A100078'),
(2, '1HGCM82633A100079'),
(3, '1HGCM82633A100080'),
(1, '1HGCM82633A100081'),
(2, '1HGCM82633A100082'),
(3, '1HGCM82633A100083'),
(1, '1HGCM82633A100084'),
(2, '1HGCM82633A100085'),
(3, '1HGCM82633A100086'),
(1, '1HGCM82633A100087'),
(2, '1HGCM82633A100088'),
(3, '1HGCM82633A100089'),
(1, '1HGCM82633A100090'),
(2, '1HGCM82633A100091'),
(3, '1HGCM82633A100092'),
(1, '1HGCM82633A100093'),
(2, '1HGCM82633A100094'),
(3, '1HGCM82633A100095'),
(1, '1HGCM82633A100096'),
(2, '1HGCM82633A100097'),
(3, '1HGCM82633A100098'),
(1, '1HGCM82633A100099'),
(2, '1HGCM82633A100100');

-- Sales Contracts
INSERT INTO sales_contracts (VIN, customer_name, sale_date, sale_price, dealership_id) VALUES
('1HGCM82633A123456', 'John Smith', '2023-01-15', 22000.00, 1),
('1HGCM82633A654321', 'Jane Doe', '2023-02-20', 25000.00, 2),
('1HGCM82633A789012', 'Alice Johnson', '2023-03-05', 30000.00, 3),
('1HGCM82633A345678', 'Bob Brown', '2023-04-12', 80000.00, 1),
('1HGCM82633A100001', 'Charlie Davis', '2023-05-23', 18000.00, 2),
('1HGCM82633A100002', 'Diana Evans', '2023-06-30', 35000.00, 3),
('1HGCM82633A100003', 'Ethan Harris', '2023-07-15', 40000.00, 1),
('1HGCM82633A100004', 'Fiona Martin', '2023-08-20', 45000.00, 2),
('1HGCM82633A100005', 'George Clark', '2023-09-05', 17000.00, 3),
('1HGCM82633A100006', 'Hannah Lewis', '2023-10-12', 20000.00, 1),
('1HGCM82633A100007', 'Isaac Walker', '2023-11-23', 23000.00, 2),
('1HGCM82633A100008', 'Jasmine Hall', '2023-12-30', 29000.00, 3),
('1HGCM82633A100009', 'Kevin Young', '2024-01-15', 24000.00, 1),
('1HGCM82633A100010', 'Luna Scott', '2024-02-20', 26000.00, 2),
('1HGCM82633A100011', 'Mason King', '2024-03-05', 21000.00, 3),
('1HGCM82633A100012', 'Nora Wright', '2024-04-12', 22000.00, 1),
('1HGCM82633A100013', 'Oscar Hill', '2024-05-23', 23000.00, 2),
('1HGCM82633A100014', 'Paula Green', '2024-06-30', 55000.00, 3),
('1HGCM82633A100015', 'Quinn Adams', '2024-07-15', 20000.00, 1),
('1HGCM82633A100016', 'Ruby Baker', '2024-08-20', 60000.00, 2),
('1HGCM82633A100017', 'Sam Carter', '2024-09-05', 45000.00, 3),
('1HGCM82633A100018', 'Tina Roberts', '2024-10-12', 55000.00, 1),
('1HGCM82633A100019', 'Ulysses Stewart', '2024-11-23', 31000.00, 2),
('1HGCM82633A100020', 'Vera Lopez', '2024-12-30', 33000.00, 3),
('1HGCM82633A100021', 'Walter Murphy', '2025-01-15', 35000.00, 1),
('1HGCM82633A100022', 'Xena Nguyen', '2025-02-20', 37000.00, 2),
('1HGCM82633A100023', 'Yara Perry', '2025-03-05', 28000.00, 3),
('1HGCM82633A100024', 'Zane Foster', '2025-04-12', 30000.00, 1),
('1HGCM82633A100025', 'Abby Howard', '2025-05-23', 38000.00, 2),
('1HGCM82633A100026', 'Blake Bell', '2025-06-30', 45000.00, 3),
('1HGCM82633A100027', 'Cara Brooks', '2025-07-15', 41000.00, 1),
('1HGCM82633A100028', 'David Lee', '2025-08-20', 90000.00, 2),
('1HGCM82633A100029', 'Ella Cooper', '2025-09-05', 60000.00, 3),
('1HGCM82633A100030', 'Finn Mitchell', '2025-10-12', 50000.00, 1),
('1HGCM82633A100031', 'Grace Rivera', '2025-11-23', 70000.00, 2),
('1HGCM82633A100032', 'Henry Cox', '2025-12-30', 80000.00, 3),
('1HGCM82633A100033', 'Ivy Ward', '2026-01-15', 40000.00, 1),
('1HGCM82633A100034', 'Jack Reed', '2026-02-20', 42000.00, 2),
('1HGCM82633A100035', 'Kate Bailey', '2026-03-05', 45000.00, 3),
('1HGCM82633A100036', 'Liam Thompson', '2026-04-12', 32000.00, 1),
('1HGCM82633A100037', 'Mia Spencer', '2026-05-23', 35000.00, 2),
('1HGCM82633A100038', 'Noah Russell', '2026-06-30', 38000.00, 3),
('1HGCM82633A100039', 'Olivia Sullivan', '2026-07-15', 40000.00, 1),
('1HGCM82633A100040', 'Peter Ortiz', '2026-08-20', 45000.00, 2),
('1HGCM82633A100041', 'Quincy Bryant', '2026-09-05', 43000.00, 3),
('1HGCM82633A100042', 'Rachel Hayes', '2026-10-12', 80000.00, 1),
('1HGCM82633A100043', 'Simon James', '2026-11-23', 35000.00, 2),
('1HGCM82633A100044', 'Tara Watson', '2026-12-30', 90000.00, 3),
('1HGCM82633A100045', 'Umar Wood', '2027-01-15', 85000.00, 1),
('1HGCM82633A100046', 'Violet Watson', '2027-02-20', 95000.00, 2),
('1HGCM82633A100047', 'Wyatt Gray', '2027-03-05', 30000.00, 3),
('1HGCM82633A100048', 'Xander Stone', '2027-04-12', 32000.00, 1),
('1HGCM82633A100049', 'Yvonne Bishop', '2027-05-23', 35000.00, 2),
('1HGCM82633A100050', 'Zachary Kennedy', '2027-06-30', 29000.00, 3),
('1HGCM82633A100051', 'Alex Watson', '2027-07-15', 33000.00, 1),
('1HGCM82633A100052', 'Betty Ramirez', '2027-08-20', 30000.00, 2),
('1HGCM82633A100053', 'Caleb Murphy', '2027-09-05', 28000.00, 3),
('1HGCM82633A100054', 'Dylan Cox', '2027-10-12', 45000.00, 1),
('1HGCM82633A100055', 'Emily Long', '2027-11-23', 47000.00, 2),
('1HGCM82633A100056', 'Felix Barnes', '2027-12-30', 65000.00, 3),
('1HGCM82633A100057', 'Gina Gomez', '2028-01-15', 35000.00, 1),
('1HGCM82633A100058', 'Henry Bennett', '2028-02-20', 45000.00, 2),
('1HGCM82633A100059', 'Iris Griffin', '2028-03-05', 70000.00, 3),
('1HGCM82633A100060', 'Jackie Fisher', '2028-04-12', 80000.00, 1),
('1HGCM82633A100061', 'Karen Murray', '2028-05-23', 60000.00, 2),
('1HGCM82633A100062', 'Leo Simmons', '2028-06-30', 65000.00, 3),
('1HGCM82633A100063', 'Mia Ward', '2028-07-15', 40000.00, 1),
('1HGCM82633A100064', 'Nathan Bailey', '2028-08-20', 20000.00, 2),
('1HGCM82633A100065', 'Olivia Lopez', '2028-09-05', 55000.00, 3),
('1HGCM82633A100066', 'Pauline Turner', '2028-10-12', 42000.00, 1),
('1HGCM82633A100067', 'Quincy Reed', '2028-11-23', 32000.00, 2),
('1HGCM82633A100068', 'Ryan Brooks', '2028-12-30', 80000.00, 3),
('1HGCM82633A100069', 'Sophie Watson', '2029-01-15', 90000.00, 1),
('1HGCM82633A100070', 'Tina Walker', '2029-02-20', 70000.00, 2),
('1HGCM82633A100071', 'Uma Kelly', '2029-03-05', 45000.00, 3),
('1HGCM82633A100072', 'Victor Bailey', '2029-04-12', 48000.00, 1),
('1HGCM82633A100073', 'Wendy Wright', '2029-05-23', 39000.00, 2),
('1HGCM82633A100074', 'Xavier Adams', '2029-06-30', 42000.00, 3),
('1HGCM82633A100075', 'Yolanda Moore', '2029-07-15', 50000.00, 1),
('1HGCM82633A100076', 'Zachary Harris', '2029-08-20', 53000.00, 2),
('1HGCM82633A100077', 'Alice Johnson', '2029-09-05', 54000.00, 3),
('1HGCM82633A100078', 'Brian Lee', '2029-10-12', 55000.00, 1),
('1HGCM82633A100079', 'Chloe White', '2029-11-23', 80000.00, 2),
('1HGCM82633A100080', 'David Hall', '2029-12-30', 45000.00, 3),
('1HGCM82633A100081', 'Eva Brown', '2030-01-15', 37000.00, 1),
('1HGCM82633A100082', 'Fred Martin', '2030-02-20', 50000.00, 2),
('1HGCM82633A100083', 'Grace Davis', '2030-03-05', 70000.00, 3),
('1HGCM82633A100084', 'Henry Evans', '2030-04-12', 80000.00, 1),
('1HGCM82633A100085', 'Ivy Thompson', '2030-05-23', 65000.00, 2),
('1HGCM82633A100086', 'Jack Robinson', '2030-06-30', 90000.00, 3),
('1HGCM82633A100087', 'Kara Campbell', '2030-07-15', 40000.00, 1),
('1HGCM82633A100088', 'Liam Green', '2030-08-20', 55000.00, 2),
('1HGCM82633A100089', 'Mia Perez', '2030-09-05', 80000.00, 3),
('1HGCM82633A100090', 'Nina Cook', '2030-10-12', 65000.00, 1),
('1HGCM82633A100091', 'Owen Rogers', '2030-11-23', 90000.00, 2),
('1HGCM82633A100092', 'Paula Foster', '2030-12-30', 40000.00, 3),
('1HGCM82633A100093', 'Quincy Griffin', '2031-01-15', 55000.00, 1),
('1HGCM82633A100094', 'Rachel Carter', '2031-02-20', 80000.00, 2),
('1HGCM82633A100095', 'Sammy Flores', '2031-03-05', 65000.00, 3),
('1HGCM82633A100096', 'Tina Bennett', '2031-04-12', 90000.00, 1),
('1HGCM82633A100097', 'Umar Ward', '2031-05-23', 40000.00, 2),
('1HGCM82633A100098', 'Violet Hughes', '2031-06-30', 55000.00, 3),
('1HGCM82633A100099', 'Wyatt Kelly', '2031-07-15', 80000.00, 1),
('1HGCM82633A100100', 'Xander Wood', '2031-08-20', 65000.00, 2);





